Images,Labels,Number,Suit
./10c/10c - Copy (2).JPG,10c,10,c
./10c/10c - Copy (3).JPG,10c,10,c
./10c/10c - Copy.JPG,10c,10,c
./10c/10c.JPG,10c,10,c
./10d/10d - Copy (2).JPG,10d,10,d
./10d/10d - Copy (3).JPG,10d,10,d
./10d/10d - Copy.JPG,10d,10,d
./10d/10d.JPG,10d,10,d
./10h/10h - Copy (2).JPG,10h,10,h
./10h/10h - Copy (3).JPG,10h,10,h
./10h/10h - Copy.JPG,10h,10,h
./10h/10h.JPG,10h,10,h
./10s/10s - Copy (2).JPG,10s,10,s
./10s/10s - Copy (3).JPG,10s,10,s
./10s/10s - Copy.JPG,10s,10,s
./10s/10s.JPG,10s,10,s
./2c/2c - Copy (2).JPG,2c,2,c
./2c/2c - Copy (3).JPG,2c,2,c
./2c/2c - Copy.JPG,2c,2,c
./2c/2c.JPG,2c,2,c
./2d/2d - Copy (2).JPG,2d,2,d
./2d/2d - Copy (3).JPG,2d,2,d
./2d/2d - Copy (4).JPG,2d,2,d
./2d/2d - Copy.JPG,2d,2,d
./2d/2d.JPG,2d,2,d
./2h/2h - Copy (2).JPG,2h,2,h
./2h/2h - Copy (3).JPG,2h,2,h
./2h/2h - Copy.JPG,2h,2,h
./2h/2h.JPG,2h,2,h
./2s/2s - Copy (2).JPG,2s,2,s
./2s/2s - Copy (3).JPG,2s,2,s
./2s/2s - Copy.JPG,2s,2,s
./2s/2s.JPG,2s,2,s
./3c/3c - Copy (2).jpg,3c,3,c
./3c/3c - Copy (3).jpg,3c,3,c
./3c/3c - Copy.jpg,3c,3,c
./3c/3c.jpg,3c,3,c
./3d/3d - Copy (2).JPG,3d,3,d
./3d/3d - Copy (3).JPG,3d,3,d
./3d/3d - Copy.JPG,3d,3,d
./3d/3d.JPG,3d,3,d
./3h/3h - Copy (2).JPG,3h,3,h
./3h/3h - Copy (3).JPG,3h,3,h
./3h/3h - Copy.JPG,3h,3,h
./3h/3h.JPG,3h,3,h
./3s/3s - Copy (2).JPG,3s,3,s
./3s/3s - Copy (3).JPG,3s,3,s
./3s/3s - Copy.JPG,3s,3,s
./3s/3s.JPG,3s,3,s
./4c/4c - Copy (2).JPG,4c,4,c
./4c/4c - Copy (3).JPG,4c,4,c
./4c/4c - Copy.JPG,4c,4,c
./4c/4c.JPG,4c,4,c
./4d/4d - Copy (2).JPG,4d,4,d
./4d/4d - Copy (3).JPG,4d,4,d
./4d/4d - Copy.JPG,4d,4,d
./4d/4d.JPG,4d,4,d
./4h/4h - Copy (2).JPG,4h,4,h
./4h/4h - Copy (3).JPG,4h,4,h
./4h/4h - Copy.JPG,4h,4,h
./4h/4h.JPG,4h,4,h
./4s/4s - Copy (2).JPG,4s,4,s
./4s/4s - Copy (3).JPG,4s,4,s
./4s/4s - Copy.JPG,4s,4,s
./4s/4s.JPG,4s,4,s
./5c/5c - Copy (2).JPG,5c,5,c
./5c/5c - Copy (3).JPG,5c,5,c
./5c/5c - Copy.JPG,5c,5,c
./5c/5c.JPG,5c,5,c
./5d/5d - Copy (2).JPG,5d,5,d
./5d/5d - Copy.JPG,5d,5,d
./5d/5d.JPG,5d,5,d
./5h/5h - Copy (2).JPG,5h,5,h
./5h/5h - Copy.JPG,5h,5,h
./5h/5h.JPG,5h,5,h
./5s/5s - Copy (2).JPG,5s,5,s
./5s/5s - Copy (3).JPG,5s,5,s
./5s/5s - Copy.JPG,5s,5,s
./5s/5s.JPG,5s,5,s
./6c/6c - Copy (2).JPG,6c,6,c
./6c/6c - Copy (3).JPG,6c,6,c
./6c/6c - Copy.JPG,6c,6,c
./6c/6c.JPG,6c,6,c
./6d/6d - Copy (2).jpg,6d,6,d
./6d/6d - Copy (3).jpg,6d,6,d
./6d/6d - Copy.jpg,6d,6,d
./6d/6d.jpg,6d,6,d
./6h/6h - Copy (2).JPG,6h,6,h
./6h/6h - Copy (3).JPG,6h,6,h
./6h/6h - Copy.JPG,6h,6,h
./6h/6h.JPG,6h,6,h
./6s/6s - Copy (2).JPG,6s,6,s
./6s/6s - Copy (3).JPG,6s,6,s
./6s/6s - Copy.JPG,6s,6,s
./6s/6s.JPG,6s,6,s
./7c/7c - Copy (2).JPG,7c,7,c
./7c/7c - Copy (3).JPG,7c,7,c
./7c/7c - Copy.JPG,7c,7,c
./7c/7c.JPG,7c,7,c
./7h/7h - Copy (2).JPG,7h,7,h
./7h/7h - Copy (3).JPG,7h,7,h
./7h/7h - Copy.JPG,7h,7,h
./7h/7h.JPG,7h,7,h
./7s/7s - Copy (2).JPG,7s,7,s
./7s/7s - Copy (3).JPG,7s,7,s
./7s/7s - Copy.JPG,7s,7,s
./7s/7s.JPG,7s,7,s
./8c/8c - Copy (2).JPG,8c,8,c
./8c/8c - Copy (3).JPG,8c,8,c
./8c/8c - Copy.JPG,8c,8,c
./8c/8c.JPG,8c,8,c
./8d/8d - Copy (2).JPG,8d,8,d
./8d/8d - Copy (3).JPG,8d,8,d
./8d/8d - Copy.JPG,8d,8,d
./8d/8d.JPG,8d,8,d
./8h/8h - Copy (2).JPG,8h,8,h
./8h/8h - Copy (3).JPG,8h,8,h
./8h/8h - Copy.JPG,8h,8,h
./8h/8h.JPG,8h,8,h
./8s/8s - Copy (2).JPG,8s,8,s
./8s/8s - Copy (3).JPG,8s,8,s
./8s/8s - Copy.JPG,8s,8,s
./8s/8s.JPG,8s,8,s
./9c/9c - Copy (2).JPG,9c,9,c
./9c/9c - Copy (3).JPG,9c,9,c
./9c/9c - Copy.JPG,9c,9,c
./9c/9c.JPG,9c,9,c
./9d/9d - Copy (2).JPG,9d,9,d
./9d/9d - Copy (3).JPG,9d,9,d
./9d/9d - Copy.JPG,9d,9,d
./9d/9d.JPG,9d,9,d
./9h/9h - Copy (2).JPG,9h,9,h
./9h/9h - Copy (3).JPG,9h,9,h
./9h/9h - Copy.JPG,9h,9,h
./9h/9h.JPG,9h,9,h
./9s/9s - Copy (2).JPG,9s,9,s
./9s/9s - Copy (3).JPG,9s,9,s
./9s/9s - Copy.JPG,9s,9,s
./9s/9s.JPG,9s,9,s
./Ac/Ac - Copy (2).JPG,Ac,A,c
./Ac/Ac - Copy (3).JPG,Ac,A,c
./Ac/Ac - Copy.JPG,Ac,A,c
./Ac/Ac.JPG,Ac,A,c
./Ad/Ad - Copy (2).JPG,Ad,A,d
./Ad/Ad - Copy (3).JPG,Ad,A,d
./Ad/Ad - Copy.JPG,Ad,A,d
./Ad/Ad.JPG,Ad,A,d
./Ah/Ah - Copy (2).JPG,Ah,A,h
./Ah/Ah - Copy (3).JPG,Ah,A,h
./Ah/Ah - Copy.JPG,Ah,A,h
./Ah/Ah.JPG,Ah,A,h
./As/As - Copy (2).JPG,As,A,s
./As/As - Copy (3).JPG,As,A,s
./As/As - Copy.JPG,As,A,s
./As/As.JPG,As,A,s
./Jc/JC - Copy (2).JPG,Jc,J,c
./Jc/JC - Copy (3).JPG,Jc,J,c
./Jc/JC - Copy.JPG,Jc,J,c
./Jc/JC.JPG,Jc,J,c
./Jd/Jd - Copy (2).JPG,Jd,J,d
./Jd/Jd - Copy (3).JPG,Jd,J,d
./Jd/Jd - Copy.JPG,Jd,J,d
./Jd/Jd.JPG,Jd,J,d
./Jh/Jh - Copy (2).JPG,Jh,J,h
./Jh/Jh - Copy (3).JPG,Jh,J,h
./Jh/Jh - Copy.JPG,Jh,J,h
./Jh/Jh.JPG,Jh,J,h
./Js/Js - Copy (2).JPG,Js,J,s
./Js/Js - Copy (3).JPG,Js,J,s
./Js/Js - Copy.JPG,Js,J,s
./Js/Js.JPG,Js,J,s
./Kc/Kc - Copy (2).JPG,Kc,K,c
./Kc/Kc - Copy (3).JPG,Kc,K,c
./Kc/Kc - Copy.JPG,Kc,K,c
./Kc/Kc.JPG,Kc,K,c
./Kd/Kd - Copy (2).JPG,Kd,K,d
./Kd/Kd - Copy (3).JPG,Kd,K,d
./Kd/Kd - Copy.JPG,Kd,K,d
./Kd/Kd.JPG,Kd,K,d
./Kh/Kh - Copy (2).JPG,Kh,K,h
./Kh/Kh - Copy (3).JPG,Kh,K,h
./Kh/Kh - Copy.JPG,Kh,K,h
./Kh/Kh.JPG,Kh,K,h
./Ks/Ks - Copy (2).JPG,Ks,K,s
./Ks/Ks - Copy (3).JPG,Ks,K,s
./Ks/Ks - Copy.JPG,Ks,K,s
./Ks/Ks.JPG,Ks,K,s
./Qc/Qc - Copy (2).jpg,Qc,Q,c
./Qc/Qc - Copy (3).jpg,Qc,Q,c
./Qc/Qc - Copy.jpg,Qc,Q,c
./Qc/Qc.jpg,Qc,Q,c
./Qd/Qd - Copy (2).JPG,Qd,Q,d
./Qd/Qd - Copy (3).JPG,Qd,Q,d
./Qd/Qd - Copy.JPG,Qd,Q,d
./Qd/Qd.JPG,Qd,Q,d
./Qh/Qh - Copy (2).JPG,Qh,Q,h
./Qh/Qh - Copy (3).JPG,Qh,Q,h
./Qh/Qh - Copy.JPG,Qh,Q,h
./Qh/Qh.JPG,Qh,Q,h
./Qs/Qs - Copy (2).JPG,Qs,Q,s
./Qs/Qs - Copy (3).JPG,Qs,Q,s
./Qs/Qs - Copy.JPG,Qs,Q,s
./Qs/Qs.JPG,Qs,Q,s
